aspect.effect,asp.mag,seeds,lam
-1,20,226575,1.000049910393195
1,20,424535,1.000049910393195
