aspect.effect,asp.mag,seeds,lam
-1,20,226575,1.0000499103931948
1,20,424535,1.0000499103931948
